,vinculo,inep,cep,distrito,bairro,logradouro,numero,complemento,fone,email,cel1,cel2,sigla,possui_internet_escola,tipo_internet_escola,status_escola,possui_lab,possui_analista,tipo_sala,pregao1,pregao2,pregao3,pregao4,possui_internet_lab,tipo_internet_lab,lab_montado,qt_computadores_lab,qt_monitores_lab,qt_projetores,qt_tablets,status_lab,ar_condicionado_lab,impressora_lab,qt_notebook_lab,roteador_lab,switch_lab,qt_cadeiras_lab,162,pessoa_id,user_id,created_at,updated_at
,Liberado,29024935,48.900-010,ITAMOTINGA,Maniçoba,"AV. DO COLONO, NH1",,,(74) 3617-8342,doisdejulhojuazeiro@hotmail.com,(74) 98844-0798,,EM02J,SIM,VELOX,ATIVO,SIM,NÃO,SALA PRÓPRIA,83.2008,,,,SIM,VELOX,SIM,7,17,,,ATIVO,SIM,SIM,,SIM,NÃO POSSUI,15,21,1,12,,
,Liberado,29024994,48.902-000,ITAMOTINGA,Maniçoba,PROJETO MANIÇOBA NH II,,,(74) 3611-3278,quinzedejulho@gmail.com,,,EM15J,SIM,OUTRO,ATIVO,SIM,NÃO,SALA PRÓPRIA,69.2008,,,,SIM,VELOX,SIM,6,15,,,INATIVO,SIM,SIM,,SIM,NÃO POSSUI,15,22,1,12,,
,Liberado,29026130,48.900-991,ITAMOTINGA,ITAMOTINGA,ITAMOTINGA,,,(74) 3613-9130,escola25.dejulho@outlook.com,(74) 98819-1565,,EM25J,SIM,OUTRO,ATIVO,SIM,NÃO,SALA PRÓPRIA,38.2006,,,,SIM,VELOX,SIM,7,17,,,ATIVO,SIM,SIM,,SIM,NÃO POSSUI,17,23,1,12,,
,Liberado,29026601,48.910-000,JUNCO,Goiabeira I Salitre,GOIABEIRA I SALITRE,,,(74) 3617-5151,não possui,(74) 99925-7220,(74) 98811-1198,EMATJ,NÃO,NENHUMA,ATIVO,SIM,NÃO,SALA DE AULA,68.2009,,,,,,,0,0,,,,,,,,,0,24,1,12,,
,Liberado,29025699,48.912-000,ABÓBORA,Centro,RUA BERTOLINO EVANGELISTA DA CUNHA,,,(74) 3617-9072,emmsbonfim@hotmail.com,(74) 99991-2855,,EMATA,NÃO,NENHUMA,ATIVO,SIM,NÃO,SALA PRÓPRIA,68.2009,,,,SIM,VELOX,SIM,7,17,,,ATIVO,SIM,SIM,,SIM,NÃO POSSUI,17,25,1,12,,
,Liberado,29026148,48.920-000,ITAMOTINGA,MANIÇOBA,LAGOA DA PEDRA - MANIÇOBA,,,(74) 3613-9247,não possui,(74) 98826-1928,(74) 98834-7568,EMATM,SIM,OUTRO,ATIVO,SIM,NÃO,SALA PRÓPRIA,69.2008,,,,SIM,VELOX,SIM,7,17,,,INATIVO,SIM,SIM,,SIM,NÃO POSSUI,17,26,1,12,,
,Liberado,29341256,48.908-410,SEDE,ANTÔNIO GUILHERMINO,AVENIDA EVANGELISTA,,,,analiabarbosa.edu@gmail.com,(74) 99155-2384,,EMABS,SIM,VELOX,ATIVO,SIM,SIM,SALA PRÓPRIA,83.2008,,,,NÃO,NENHUMA,SIM,2,10,,,INATIVO,NÃO,NÃO,,NÃO,NÃO POSSUI,10,27,1,12,,
,Liberado,29026482,48.910-000,JUNCO,GOIABEIRA II,GOIABEIRA II,,,(74) 3617-5050,valdetemsf@hotmail.com,(74) 98815-8634,(74) 99959-4902,EMAFO,NÃO,NENHUMA,ATIVO,SIM,SIM,SALA PRÓPRIA,68.2009,69.2008,,,NÃO,NENHUMA,SIM,10,10,,,INATIVO,NÃO,NÃO,,NÃO,NÃO POSSUI,10,28,1,12,,
,Liberado,29429536,48.901-090,SEDE,ARGEMIRO,RUA DO CRUZEIRO,15,PREDIO,(74) 3611-0018,ceajc1@hotmail.com,,,EMAJC,SIM,VELOX,ATIVO,SIM,NÃO,NÃO POSSUI,83.2008,,,,NÃO,NENHUMA,SIM,15,15,,,INATIVO,NÃO,NÃO,,NÃO,NÃO POSSUI,5,29,1,12,,
,Liberado,29026159,48.920-000,ITAMOTINGA,ITAMOTINGA,FAZENDA BARAÚNA,,,(74) 3618-7055,escola_bomjesusbarauna@hotmail.com,,,EMBJBI,NÃO,NENHUMA,ATIVO,NÃO,NÃO,,,,,,NÃO,NENHUMA,SIM,1,5,,,INATIVO,SIM,NÃO,,NÃO,NÃO POSSUI,5,30,1,12,,
,Liberado,29025907,48.920-000,ITAMOTINGA,ITAMOTINGA,PROJETO CURAÇA - NHI,,,(74) 3617-2000,bomjesus_nh1@hotmail.com,,,EMBJNHI,SIM,RÁDIO,ATIVO,SIM,SIM,SALA PRÓPRIA,38.2006,69.2008,,,SIM,VELOX,SIM,7,15,,,ATIVO,SIM,SIM,,SIM,NÃO POSSUI,15,31,1,12,,
,Liberado,29362415,48.909-810,SEDE,MALHADA DA AREIA,LOTEAMENTO MALHADA DA AREIA,,,(74) 3611-8041,escolacaicjua@gmail.com,(74) 98836-3773,,EMCAIC,SIM,VELOX,ATIVO,SIM,SIM,SALA PRÓPRIA,83.2008,,,,NÃO,NENHUMA,SIM,2,10,,,ATIVO,NÃO,SIM,,NÃO,NÃO POSSUI,10,32,1,12,,
,Liberado,29024650,48.920-000,SEDE,AGROVALE,VILA CAXANGA AREA 5,,,(74) 3612-2900,escola_caxanga@hotmail.com,,,EMC,NÃO,NENHUMA,ATIVO,SIM,SIM,SALA PRÓPRIA,83.2008,,,,NÃO,,NÃO,0,27,,,INATIVO,NÃO,SIM,,SIM,NÃO POSSUI,0,33,1,12,,
,Liberado,29025346,48.900-991,ITAMOTINGA,PROJETO MANDACARU,RUA UM - PROJETO MANDACARU,,,(74) 3617-7211,empmandacaru@gmail.com,,,EMCCC,NÃO,NENHUMA,ATIVO,SIM,SIM,SALA PRÓPRIA,83.2008,45.2007,69.2008,,SIM,RÁDIO,SIM,0,20,,,ATIVO,SIM,SIM,,SIM,16 PORTAS,0,34,1,12,,
,Liberado,29024668,48.907-100,SEDE,CASTELO BRANCO,TRAVESSA MACHADO DE ASSIS,,,(74) 3611-2744,escolacsu.jua@gmail.com,,,EMCSU,SIM,VELOX,ATIVO,SIM,SIM,SALA PRÓPRIA,83.2008,,,,SIM,VELOX,SIM,7,17,,,ATIVO,SIM,SIM,,SIM,NÃO POSSUI,17,35,1,12,,
,Liberado,29025974,48.920-000,ITAMOTINGA,ITAMOTINGA,JUREMA VERMELHA - MANIÇOBA,,,,não possui,,,EMCJJV,SIM,OUTRO,ATIVO,SIM,NÃO,NÃO POSSUI,69.2008,,,,NÃO,NENHUMA,SIM,6,15,,,ATIVO,SIM,SIM,,SIM,NÃO POSSUI,15,36,1,12,,
,Liberado,29026164,48.920-000,ITAMOTINGA,ITAMOTINGA,FAZENDA SERRA DA MADEIRA,,,,não possui,(74) 99635-7165,,EMCJSM,SIM,OUTRO,ATIVO,SIM,NÃO,SALA PRÓPRIA,69.2008,,,,SIM,OUTRO,SIM,1,5,,,INATIVO,NÃO,NÃO,,NÃO,NÃO POSSUI,5,37,1,12,,
,Liberado,29026890,48.915-000,JUREMAL,JUREMAL,RUA DA CUBA,,,(74) 3617-5001,escola_raimundocunhaleite@hotmail.com,,,EMDRCL,NÃO,NENHUMA,ATIVO,SIM,SIM,SALA PRÓPRIA,45.2007,,,,NÃO,NENHUMA,SIM,1,5,,,INATIVO,NÃO,NÃO,,NÃO,NÃO POSSUI,5,38,1,12,,
,Liberado,29378893,48.909-765,SEDE,DOM JOSÉ RODRIGUES,RUA F,,,,escoladjr@gmail.com,(74) 98811-0737,,EMDJR,SIM,NENHUMA,ATIVO,NÃO,NÃO,,,,,,NÃO,NENHUMA,SIM,12,12,,,ATIVO,SIM,SIM,,SIM,NÃO POSSUI,12,39,1,12,,
,Liberado,29026024,48.920-000,ITAMOTINGA,ITAMOTINGA,POVOADO CONCHAS - MANIÇOBA,,,(74) 3612-8986,amiltongomes2016@hotmail.com,(74) 98813-3633,,EMDER,SIM,OUTRO,ATIVO,SIM,NÃO,SALA PRÓPRIA,69.2008,,,,,,,0,0,,,,,,,,,0,40,1,12,,
,Liberado,29025478,48.900-110,SEDE,PIRANGA,RUA LAFAIETE COUTINHO,,,(74) 3613-0580,escoladrjosedearaujo@hotmail.com,(74) 98802-1909,,EMDJAS,SIM,VELOX,ATIVO,SIM,SIM,SALA PRÓPRIA,83.2008,,,,NÃO,NENHUMA,SIM,1,5,,,INATIVO,NÃO,NÃO,,NÃO,NÃO POSSUI,5,41,1,12,,
,Liberado,29026911,48.915-000,JUREMAL,JUREMAL,POVOADO DE PINHÕES,,,(74) 3617-5004,escoladurvalbarbosa@gmail.com,,,EMDBC,NÃO,NENHUMA,ATIVO,SIM,NÃO,NÃO POSSUI,68.2009,,,,,,,0,0,,,,,,,,,0,42,1,12,,
,Liberado,29025664,48.900-010,ABÓBORA,DISTRITO DE ABOBORA,RUA JOAO BARROS DE NERES,,,(74) 3617-9072,emmsbonfim@hotmail.com,(74) 99912-855,,EMEIA,NÃO,NENHUMA,ATIVO,NÃO,NÃO,,,,,,,,,0,0,,,,,,,,,0,43,1,12,,
,Liberado,29461375,48.901-080,SEDE,PIRANGA II,LOTEAMENTO PIRANGA II,,,,cleiabarreto02@outlook.com,(74) 98818-3453,,EMEIAFL,NÃO,NENHUMA,ATIVO,NÃO,NÃO,,,,,,,,,0,0,,,,,,,,,0,44,1,12,,
,Liberado,29025842,48.922-000,CARNAÍBA,Caranaíba do Sertão,CARANAÍBA DO SERTÃO,,,,não possui,(74) 98822 3271,,EMABSM,NÃO,NENHUMA,ATIVO,NÃO,NÃO,,,,,,,,,0,0,,,,,,,,,0,45,1,12,,
,Liberado,29402140,48.908-330,SEDE,JOAO PAULO II,QUADRA TRINTA E TRES,,,,não possui,,,EMEIAD,NÃO,NENHUMA,ATIVO,NÃO,NÃO,,,,,,,,,0,0,,,,,,,,,0,46,1,12,,
,Liberado,29401220,48.907-660,SEDE,ITABERABA,RUA 02 A C19,,,,não possui,,,EMEIAMMC,NÃO,NENHUMA,ATIVO,NÃO,NÃO,,,,,,,,,0,0,,,,,,,,,0,47,1,12,,
,Liberado,29415870,48.900-000,SEDE,SEDE,SEDE,,,,não possui,,,EMEIAL,NÃO,NENHUMA,INATIVO,NÃO,NÃO,,,,,,,,,0,0,,,,,,,,,0,48,1,12,,
,Liberado,29402120,48.904-610,SEDE,ALTO DA MARAVILHA,RUA QUATRO,,,(74) 3612-4696,centroannahilda@gmail.com,(74) 98821-8119,,EMEIAHLF,NÃO,NENHUMA,ATIVO,NÃO,NÃO,,,,,,,,,0,0,,,,,,,,,0,49,1,12,,
,Liberado,29461340,48.908-465,SEDE,ANTONIO GUILHERMINO,RUA ESPERANCA,,,,não possui,(74) 99116-3545,(74) 88165-400,EMEIAG,NÃO,NENHUMA,ATIVO,NÃO,NÃO,,,,,,,,,0,0,,,,,,,,,0,50,1,12,,
,Liberado,29464064,48.908-600,SEDE,PEDRO RAIMUNDO,AVENIDA EDESIO SANTOS,,,,jane.silvabarbosa@hotmail.com,(74) 98833-3869,,EMEIAAV,NÃO,NENHUMA,ATIVO,NÃO,NÃO,,,,,,,,,0,0,,,,,,,,,0,51,1,12,,
,Liberado,29402170,48.920-000,ITAMOTINGA,ITAMOTINGA,RUA FELIPE BARROSO,,,(74) 3617-3036,sueni-santos@yahoo.com.br,,,EMEIBJN,NÃO,NENHUMA,ATIVO,NÃO,NÃO,,,,,,,,,0,0,,,,,,,,,0,52,1,12,,
,Liberado,29932777,48.909-810,SEDE,MALHADA DA AREIA,AV. TANCREDO NEVES,,,,não possui,,,EMEICMA,NÃO,NENHUMA,ATIVO,NÃO,NÃO,,,,,,,,,0,0,,,,,,,,,0,53,1,12,,
,Liberado,29402190,48.901-300,SEDE,QUIDE,AVENIDA NOSSA SENHORA DE NAZARE,,,(74) 3613-7010,jammys.guerra@gmail.com,,,EMEIDCO,NÃO,NENHUMA,ATIVO,NÃO,NÃO,,,,,,,,,0,0,,,,,,,,,0,54,1,12,,
,Liberado,29461189,48.900-290,SEDE,JOAO XXIII,RUA DA LAGOA,,,,rosalilas_bispo@hotmail.com,(74) 98851-1345,,EMEIESC,NÃO,NENHUMA,ATIVO,NÃO,NÃO,,,,,,,,,0,0,,,,,,,,,0,55,1,12,,
,Liberado,29402100,48.907-620,SEDE,ALTO DA ALIANÇA,AVENIDA IRMÃ DULCE,,,(74) 3613-3763,não possui,,,EMEIGDN,NÃO,NENHUMA,ATIVO,NÃO,NÃO,,,,,,,,,0,0,,,,,,,,,0,56,1,12,,
,Liberado,29402110,48.901-665,SEDE,PALMARES,RUA AURENILDES GONCALVES DA CUNHA,,,,não possui,(74) 98803-9933,,EMEIPHHBF,NÃO,NENHUMA,ATIVO,NÃO,NÃO,,,,,,,,,0,0,,,,,,,,,0,57,1,12,,
,Liberado,29402210,48.900-010,SEDE,TABULEIRO,RUA DAS ALGAROBAS,,,(74) 3612-3370,não possui,,,EMEIJBC,NÃO,NENHUMA,ATIVO,NÃO,NÃO,,,,,,,,,0,0,,,,,,,,,0,58,1,12,,
,Liberado,29461367,48.901-080,SEDE,PIRANGA I,PIRANGA I,,,,não possui,,,EMEILLAS,NÃO,NENHUMA,ATIVO,NÃO,NÃO,,,,,,,,,0,0,,,,,,,,,0,59,1,12,,
,Liberado,29467152,48.920-000,SEDE,ITABERABA,RUA PROJETADA,,,,emeiluanadasilva@gmail.com,(74) 98130-0440,,EMEILSN,NÃO,NENHUMA,ATIVO,NÃO,NÃO,,,,,,,,,0,0,,,,,,,,,0,60,1,12,,
,Liberado,29461219,48.900-515,SEDE,PADRE VICENTE,RUA DA SAUDADE,,,,não possui,(74) 98842-1586,,EMEILO,NÃO,NENHUMA,ATIVO,NÃO,NÃO,,,,,,,,,0,0,,,,,,,,,0,61,1,12,,
,Liberado,29461227,48.920-000,ITAMOTINGA,PROJETO MANICOBA,"AV. JORGE KHOURY, VILA SANTA INES",,,,não possui,(74) 98862-2537,,EMEIMAM,SIM,VELOX,ATIVO,NÃO,NÃO,,,,,,,,,0,0,,,,,,,,,0,62,1,12,,
,Liberado,29461243,48.908-390,SEDE,PARQUE RESIDENCIAL,LOTEAMENTO PARQUE RESIDENCIAL JUAZEIRO - QUADRA B,,,,marlucewc1@gmail.com,(74) 98834-2914,,EMEIMHSP,SIM,VELOX,ATIVO,NÃO,NÃO,,,,,,,,,0,0,,,,,,,,,0,63,1,12,,
,Liberado,29461235,48.900-100,SEDE,JARDIM FLORIDA,TRAVESSA EDESIO SANTOS,,,(74) 3612-4696,claudiana.prof@gmail.com,(74) 98847-4782,,EMEIMHN,NÃO,NENHUMA,ATIVO,NÃO,NÃO,,,,,,SIM,VELOX,SIM,0,28,,,ATIVO,SIM,SIM,,SIM,24 PORTAS,28,64,1,12,,
,Liberado,29461170,48.907-218,SEDE,DOM TOMAZ,AVENIDA DAS NACOES,,,,não possui,(74) 98819-0929,,EMEIMJRT,NÃO,NENHUMA,ATIVO,NÃO,NÃO,,,,,,,,,0,0,,,,,,,,,0,65,1,12,,
,Liberado,29025338,48.906-130,SEDE,TABULEIRO,RUA 9,30,,,trpaquino@hotmail.com,(74) 98841-9813,,EMEIPMSMA,NÃO,NENHUMA,ATIVO,NÃO,NÃO,,,,,,NÃO,NENHUMA,SIM,1,5,,,ATIVO,SIM,NÃO,,,,0,66,1,12,,
,Liberado,29402160,48.902-260,SEDE,NOSSA SENHORA DA PENHA,RUA GASPAR DE LEMOS,,,,não possui,,,EMEIMVT,NÃO,NENHUMA,ATIVO,NÃO,NÃO,,,,,,SIM,VELOX,SIM,0,17,,,ATIVO,SIM,SIM,,,,0,67,1,12,,
,Liberado,29402150,48.905-610,SEDE,JARDIM NOVO ENCONTRO,RUA ELIETE COSTA,,,,emeinailde@hotmail.com,,,EMEINSC,NÃO,NENHUMA,ATIVO,NÃO,NÃO,,,,,,SIM,VELOX,SIM,0,16,,,ATIVO,SIM,SIM,,SIM,NÃO POSSUI,16,68,1,12,,
,Liberado,29402200,48.900-000,ITAMOTINGA,ITAMOTINGA,ITAMOTINGA,,,,não possui,,,EMEINR,NÃO,NENHUMA,ATIVO,NÃO,NÃO,,,,,,NÃO,NENHUMA,SIM,0,15,,,ATIVO,SIM,SIM,,,,15,69,1,12,,
,Liberado,29461197,48.908-020,SEDE,JOAO PAULO II,QUADRA DOIS,,,,não possui,,,EMEINSC,NÃO,NENHUMA,ATIVO,NÃO,NÃO,,,,,,NÃO,NENHUMA,SIM,0,17,,,ATIVO,SIM,SIM,,,,17,70,1,12,,
,Liberado,29445256,48.900-040,SEDE,PIRANGA,RUA SANTA CLARA,800,,,não possui,,,EMEINSA,NÃO,NENHUMA,ATIVO,NÃO,NÃO,,,,,,NÃO,NENHUMA,SIM,0,5,,,ATIVO,SIM,SIM,,,,5,71,1,12,,
,Liberado,29401610,48.900-120,SEDE,PIRANGA,RUA IMACULADA CONCEIÇÃO,,Em frente a um posto de saúde,(74) 3611-0013,teste,,,EMEJXXIII,SIM,VELOX,ATIVO,SIM,SIM,SALA PRÓPRIA,83.2008,,,,SIM,VELOX,SIM,0,7,,,ATIVO,SIM,NÃO,,SIM,,7,72,1,12,,
,Liberado,,48.910-000,JUNCO,JUNCO,ASSENTAMENTO SÃO FRANCISCO,,PREDIO,(74) 3538-1876,nao possui,(74) 98816-4850,,EMPF,SIM,VELOX,ATIVO,NÃO,NÃO,,,,,,SIM,VELOX,SIM,0,15,,,ATIVO,SIM,SIM,,SIM,NÃO POSSUI,15,73,1,12,,
,Liberado,29024587,48.904-690,SEDE,SANTA MARIA GORETTI,RUA DO JAPAO,,PREDIO,(74) 3611-5675,paulovi_2511@hotmail.com,(74) 98806-1028,,EMPVI,SIM,OUTRO,ATIVO,SIM,SIM,SALA PRÓPRIA,83.2008,,,,SIM,VELOX,SIM,0,21,,,ATIVO,SIM,SIM,,SIM,,21,74,1,12,,
,Liberado,29025834,48.922-000,CARNAÍBA,CARNAIBA,RUA DO COMERCIO,,CASA,(74) 3618-1063,escolagraciosaxavier@gmail.com,,,EMPD,NÃO,NENHUMA,ATIVO,NÃO,NÃO,,,,,,NÃO,OUTRO,SIM,0,15,,,ATIVO,SIM,NÃO,,NÃO,NÃO POSSUI,15,75,1,12,,
,Liberado,29026431,48.920-000,ITAMOTINGA,ITAMOTINGA,PONTAL,,,(74) 3621-5598,nao possui,,,EMP,NÃO,NENHUMA,ATIVO,SIM,SIM,SALA PRÓPRIA,38.2006,69.2008,68.2009,,SIM,GSAT,SIM,0,16,,,ATIVO,SIM,SIM,,SIM,,16,76,1,12,,
,Liberado,29025362,48.905-740,SEDE,SAO GERALDO,RUA AGOSTINHO MUNIZ,,,(74) 3611-0019,aprigio_duarte@hotmail.com,,,EMPAD,SIM,VELOX,ATIVO,SIM,SIM,SALA PRÓPRIA,83.2008,,,,SIM,VELOX,SIM,0,15,,,ATIVO,SIM,SIM,,SIM,,15,77,1,12,,
,Liberado,29401600,48.909-755,SEDE,DOM JOSÉ RODRIGUES,RUA A,,,(74) 3611-0037,não possui,,,EMPTN,SIM,VELOX,ATIVO,SIM,SIM,SALA PRÓPRIA,83.2008,,,,SIM,VELOX,SIM,0,10,,,ATIVO,SIM,SIM,,SIM,NÃO POSSUI,10,78,1,12,,
,Liberado,29026873,48.915-000,JUREMAL,JUREMAL,JUREMAL,,,(74) 3617-6001,não possui,,,EMAFC,NÃO,NENHUMA,ATIVO,SIM,NÃO,SALA PRÓPRIA,,,,,SIM,VELOX,SIM,0,7,,,ATIVO,SIM,SIM,,SIM,8 PORTAS,7,79,1,12,,
,Liberado,29026989,48.918-000,MASSAROCA,CENTRO,RUA DOS BUTINS,,,(74) 3617-6003,não possui,,,EMPALA,NÃO,NENHUMA,ATIVO,SIM,SIM,SALA PRÓPRIA,,,,,SIM,VELOX,SIM,0,17,,,ATIVO,NÃO,SIM,,SIM,,17,80,1,12,,
,Liberado,29026695,48.910-000,JUNCO,JUNCO,FAZENDA GANGORRA,,,(74) 3617-5019,não possui,(74) 99805-6139,,EMPBB,NÃO,NENHUMA,ATIVO,SIM,NÃO,SALA PRÓPRIA,,,,,SIM,VELOX,SIM,0,17,,,ATIVO,SIM,SIM,,SIM,NÃO POSSUI,17,81,1,12,,
,Liberado,29024692,48.900-010,SEDE,ALTO DA ALIANÇA,RUA DO CURRAL,,,(74) 3613-3765,não possui,,,EMCCS,SIM,VELOX,ATIVO,SIM,NÃO,SALA PRÓPRIA,83.2008,,,,SIM,VELOX,SIM,0,17,,,ATIVO,SIM,SIM,,SIM,NÃO POSSUI,17,82,1,12,,
,Liberado,29024900,48.904-450,SEDE,COREA,RUA ARGENTINA,,,(74) 3611-5499,e.crenildesbrandao@gmail.com,,,EMCLB,SIM,VELOX,ATIVO,SIM,SIM,SALA PRÓPRIA,83.2008,,,,SIM,VELOX,SIM,0,10,,,ATIVO,SIM,SIM,,SIM,,10,83,1,12,,
,Liberado,29026670,48.907-690,SEDE,ITABERABA,RUA PETRONILIO B. DOS SANTOS,,,(74) 3611-8002,escoladinorah@msn.com,,,EMDAMS,SIM,VELOX,ATIVO,SIM,SIM,SALA PRÓPRIA,83.2008,45.2007,,,SIM,OUTRO,SIM,0,8,,,ATIVO,SIM,SIM,,SIM,NÃO POSSUI,8,84,1,12,,
,Liberado,29026709,48.910-000,JUNCO,JUNCO,CAMPO DOS CAVALOS,,,,não possui,,,EMED,SIM,OUTRO,ATIVO,SIM,NÃO,SALA PRÓPRIA,38.2006,68.2009,,,NÃO,NENHUMA,SIM,1,5,,,INATIVO,NÃO,NÃO,,NÃO,NÃO POSSUI,5,85,1,12,,
,Liberado,29025753,48.922-000,CARNAÍBA,CARNAIBA,RUA DA IGREJA,,,(74) 3618-1029,escolagraciosaxavier@gmail.com,,,EMPGXRG,SIM,GSAT,ATIVO,SIM,NÃO,SALA PRÓPRIA,68.2009,45.2007,,,,,,0,0,,,,,,,,,0,86,1,12,,
,Liberado,29024838,48.901-260,SEDE,QUIDE,RUA DAS ALGAROBAS,,,(74) 3611-9401,escolaguiomarlustosa@hotmail.com,,,EMPGLR,SIM,VELOX,ATIVO,SIM,SIM,SALA PRÓPRIA,45.2007,,,,NÃO,NENHUMA,SIM,0,23,,,ATIVO,SIM,SIM,,SIM,NÃO POSSUI,23,87,1,12,,
,Liberado,29024960,48.908-270,SEDE,JOAO PAULO II,QUADRA VINTE E SETE,,,(74) 3611-0027,escolahaydee@gmail.com,(74) 99985-8835,,EMPHFF,SIM,VELOX,ATIVO,SIM,SIM,SALA PRÓPRIA,83.2008,,,,NÃO,NENHUMA,SIM,1,5,,,INATIVO,NÃO,NÃO,,NÃO,NÃO POSSUI,5,88,1,12,,
,Liberado,29450004,48.905-680,SEDE,SAO GERALDO,RUA EDGARD CHASTINET,,,,emti.juaba@outlook.com,(74) 98809-0992,,EMTIIP,SIM,VELOX,ATIVO,SIM,SIM,SALA PRÓPRIA,SEM PREGÃO,,,,SIM,VELOX,SIM,0,16,,,ATIVO,SIM,SIM,,SIM,16 PORTAS,16,89,1,12,,
,Liberado,29341809,48.920-000,ITAMOTINGA,DISTRITO DE ITAMOTINGA,RUA FELIPE BARROSO,,,(74) 3617-3030,colegioiracynunes@gmail.com,,,EMPINS,SIM,VELOX,ATIVO,SIM,SIM,SALA PRÓPRIA,45.2007,,,,,,,0,0,,,,,,,,,0,90,1,12,,
,Liberado,29024978,48.901-100,SEDE,QUIDE,RUA ARNALDO VIEIRA,,,(74) 3611-8169,empll,,,EMPLL,SIM,VELOX,ATIVO,SIM,SIM,SALA PRÓPRIA,83.2008,,,,,,,0,0,,,,,,,,,0,91,1,12,,
,Liberado,29024943,48.905-288,SEDE,JARDIM UNIVERSITARIO,TRAVESSA BEIJA-FLOR,151,,(74) 3613-1375,escolamarialourdesduarte@hotmail.com,,,EMPMLD,SIM,VELOX,ATIVO,SIM,SIM,SALA PRÓPRIA,83.2008,,,,,,,0,0,,,,,,,,,0,92,1,12,,
,Liberado,29024986,48.900-310,SEDE,JOÃO XXIII,RUA ALLAN KARINE,,,(74) 3613-7115,profmariafrancapires@hotmail.com,,,EMPMFP,SIM,VELOX,ATIVO,SIM,SIM,SALA PRÓPRIA,83.2008,,,,,,,0,0,,,,,,,,,0,93,1,12,,
,Liberado,293625,48.908-090,SEDE,JOAO PAULO II,QUADRA NOVE,,,(74) 3612-0485,wilzamiranda@hotmail.com,,,EMPMJLR,SIM,VELOX,ATIVO,SIM,NÃO,SALA PRÓPRIA,38.2006,,,,,,,0,0,,,,,,,,,0,94,1,12,,
,Liberado,29025770,48.922-000,CARNAÍBA,CARNAIBA DO SERTAO,CARNAIBA DE DENTRO,,,(74) 9885-2653,escola_matildecosta@hotmail.com,,,EMPMCM,SIM,OUTRO,ATIVO,SIM,SIM,SALA PRÓPRIA,68.2009,,,,,,,0,0,,,,,,,,,0,95,1,12,,
,Liberado,29024714,48.907-340,SEDE,Tancredo Neves,CAMINHO DOZE,,Rua C,(74) 3611 0015,lucysoares1@hotmail.com,,,EMLCFC,SIM,VELOX,ATIVO,SIM,SIM,SALA PRÓPRIA,83.2008,,,,,,,0,0,,,,,,,,,0,96,1,12,,
,Liberado,29026725,48.910-000,JUNCO,JUNCO,MANGA,,SALITRE,,nao possui,(74) 98811-1398,,EMPOT,NÃO,NENHUMA,ATIVO,SIM,NÃO,SALA DE AULA,68.2009,,,,NÃO,NENHUMA,SIM,0,5,,,ATIVO,NÃO,SIM,,NÃO,NÃO POSSUI,5,97,1,12,,
,Liberado,29025397,48.906-000,SEDE,TABULEIRO,RUA DA CRECHE,,CASA,(74) 3611-0052,escolaterezinha.etfo@hotmail.com,(74) 98816-4915,,EMTFO,SIM,GSAT,ATIVO,SIM,SIM,SALA PRÓPRIA,83.2008,,,,SIM,GSAT,SIM,0,31,,,ATIVO,,SIM,,SIM,NÃO POSSUI,31,98,1,12,,
,Liberado,29415160,48.902-380,SEDE,COUNTRY CLUB,RUA ALMIRANTE TAMANDARE,,,(74) 3611-0021,escolacarloscosta_2012@hotmail.com,,,EMPCCS,SIM,VELOX,ATIVO,SIM,SIM,SALA PRÓPRIA,83.2008,,,,SIM,VELOX,SIM,0,19,,,ATIVO,SIM,SIM,,SIM,NÃO POSSUI,19,99,1,12,,
,Liberado,29025524,48.900-420,SEDE,ALTO DO CRUZEIRO,RUA RODOVIA LOMANTO JUNIOR,,,(74) 3611-3992,escolapromenor@hotmail.com,(74) 98813-5592,,EMFJPM,SIM,VELOX,ATIVO,SIM,SIM,SALA PRÓPRIA,83.2008,,,,SIM,VELOX,SIM,0,15,,,ATIVO,SIM,SIM,,SIM,,15,100,1,12,,
,Liberado,29027055,48.900-010,PINHÕES,PINHÕES,RUA PRINCIPAL,,,(74) 3617-4003,escola_raimundoclementino@hotmail.com,,,EMRCS,NÃO,NENHUMA,ATIVO,SIM,NÃO,,,,,,NÃO,NENHUMA,,0,12,,,ATIVO,,,,,,12,101,1,12,,
,Liberado,29424445,48.901-330,SEDE,QUIDEZINHO,RUA SAO VICENTE,,,(74) 3611-5726,italoklayner@hotmail.com,(74) 98863-8441,,EMRMP,SIM,VELOX,ATIVO,SIM,SIM,SALA PRÓPRIA,,,,,SIM,VELOX,SIM,0,10,,,ATIVO,SIM,,,SIM,,10,102,1,12,,
,Liberado,29026288,48.920-000,ITAMOTINGA,ITAMOTINGA,VILA SANTA INES,,,(74) 3617-8213,nao possui,,,EMSI,SIM,CLARO,ATIVO,SIM,SIM,SALA PRÓPRIA,,,,,SIM,CLARO,SIM,0,13,,,,,,,,,13,103,1,12,,
,Liberado,29026300,48.900-010,ITAMOTINGA,MANICOBA,POVOADO DE JAZIDA 7,,,,não possui,(74) 98811-0653,,EMST - J7,NÃO,NENHUMA,ATIVO,SIM,NÃO,,,,,,NÃO,NENHUMA,,0,1,,,,,,,,,1,104,1,12,,
,Liberado,29025010,48.920-000,ITAMOTINGA,ITAMOTINGA,PROJETO CURACA NH03,,VILA SANTO ANTONIO,(74) 3618-7055,nao possui,,,EMSA,SIM,OUTRO,ATIVO,SIM,SIM,,38.2006,,,,SIM,,SIM,0,25,,,ATIVO,,,,,,25,105,1,12,,
,Liberado,29026350,48.924-000,ITAMOTINGA,ITAMOTINGA,MULUNGU- MANICOBA,,PROJETO MANICOBA,(74) 3617-8287,nossasenhorasaofrancisco@gmail.com,,,EMSFA - M,NÃO,NENHUMA,ATIVO,NÃO,NÃO,,,,,,,,,0,0,,,,,,,,,0,106,1,12,,
,Liberado,29025982,48.920-000,ITAMOTINGA,ITAMOTINGA,PERIMETRO IRRIGADO DE CURACA,,,(74) 3618-9018,nao possui,,,EMSFA - I,SIM,OUTRO,ATIVO,SIM,NÃO,,,,,,,,,0,16,,,,,,,,,16,107,1,12,,
,Liberado,29027098,48.900-010,PINHÕES,PINHÕES,PRACA SAO PEDRO,,,(74) 3617-4003,alinedefatima92@gmail.com,,,EMSFA - P,NÃO,NENHUMA,ATIVO,NÃO,NÃO,,,,,,,,,0,0,,,,,,,,,0,108,1,12,,
,Liberado,29026377,48.920-000,ITAMOTINGA,ITAMOTINGA,MATO GROSSO - MANICOBA,,,,não possui,,,EMSJ,NÃO,NENHUMA,ATIVO,SIM,NÃO,,68.2009,,,,,,,0,6,,,ATIVO,,,,,,6,109,1,12,,
,Liberado,29025931,48.920-000,ITAMOTINGA,ITAMOTINGA,FAZENDA ITAPARICA,,,,nao possui,(74) 99612-5672,,EMSS,NÃO,NENHUMA,ATIVO,SIM,NÃO,,68.2009,,,,NÃO,NENHUMA,,0,5,,,ATIVO,,,,,,5,110,1,12,,
,Liberado,29026520,48.910-000,JUNCO,SALITRE,SAO GONCALO,,,(74) 3538-1883,nao possui,,,EMVAD,SIM,OUTRO,ATIVO,SIM,NÃO,,68.2009,,,,,,,0,5,,,,,,,,,5,111,1,12,,
,Liberado,29461251,48.900-991,SEDE,JARDIM PRIMAVERA,QUADRA 37,1,CASA,,emailprimaveraarceniojose@gmail.com,,,EMEIP,NÃO,NENHUMA,ATIVO,NÃO,NÃO,,,,,,,,,0,0,,,,,,,,,0,112,1,12,,
,Liberado,1,48.000-000,SEDE,SEDE,SEDE,,,,nao possui,,,EMEISA,NÃO,NENHUMA,ATIVO,NÃO,NÃO,,,,,,,,,0,0,,,,,,,,,0,113,1,12,,
,Liberado,29429790,48.922-000,SEDE,SEDE,FAZENDA LAGINHA,,,,emailprimaveaarceniojose@gmail.com,,,EMEIAJS,NÃO,NENHUMA,ATIVO,NÃO,NÃO,,,,,,,,,0,0,,,,,,,,,0,114,1,12,,
,Liberado,29341744,48.924-000,PINHÕES,PINHÕES,TRAVESSA DA RODOVIA,,,(74) 3617-4003,alinedefatima92@gmail.com,,,EMESF,NÃO,NENHUMA,ATIVO,NÃO,NÃO,,,,,,,,,0,0,,,,,,,,,0,115,1,12,,
,Liberado,2902611,48.900-010,ITAMOTINGA,ITAMOTINGA,PROJETO CAJ,,PREDIO,(74) 3617-3089,escolamunicipaleliseusantos@hotmail.com,(74) 98807-1291,,EMES,NÃO,NENHUMA,ATIVO,NÃO,NÃO,,,,,,,,,0,0,,,,,,,,,0,116,1,12,,
,Liberado,29341779,48.918-000,MASSAROCA,MASSAROCA,POVOADO LAGOINHA,,,,ruralmassaroca@hotmail.com,(74) 99443-6003,,EMRM,NÃO,NENHUMA,ATIVO,SIM,SIM,SALA PRÓPRIA,69.2008,,,,NÃO,NENHUMA,SIM,0,2,,,ATIVO,,,,,,2,117,1,12,,
,Liberado,29026199,48.900-991,ITAMOTINGA,ITAMOTINGA,FAZENDA QUIPA - MANDACARU I,,,(74) 3611-0070,euridiceribeiroviana.quipa@hotmail.com,(74) 99988-3138,,EMERV,NÃO,NENHUMA,ATIVO,SIM,NÃO,,68.2009,,,,NÃO,NENHUMA,,0,5,,,,,,,,,5,118,1,12,,
,Liberado,29026202,48.900-010,ITAMOTINGA,MANIÇOBA,RIACHO DA MASSAROCA,,,(74) 3617-8230,klerisson@yahoo.com.br,(74) 98836-7939,,EMFU,NÃO,NENHUMA,ATIVO,NÃO,NÃO,,,,,,,,,0,0,,,,,,,,,0,119,1,12,,
,Liberado,29025575,48.900-515,SEDE,PADRE VICENTE - CODEVASF,RUA DA SAUDADE,,,(74) 3611-1626,patriciacarla01@hotmail.com,,,EMPHAP,SIM,VELOX,ATIVO,SIM,SIM,SALA PRÓPRIA,83.2008,,,,SIM,VELOX,SIM,0,15,,,ATIVO,,,,,,15,120,1,12,,
,Liberado,29026628,48.900-010,JUNCO,JUNCO,CAPIM DE RAIZ,,,,solangetiasol@hotmail.com,(74) 98861-6398,,EMHMR,NÃO,NENHUMA,ATIVO,NÃO,NÃO,,,,,,,,,0,0,,,,,,,,,0,121,1,12,,
,Liberado,29025589,48.900-010,ITAMOTINGA,MANIÇOBA,RUA PRINCIPAL,,POVOADO DE JATOBA,(74) 3618-6007,amiltongomes2016@hotmail.com,,,EMJ,SIM,OUTRO,ATIVO,SIM,NÃO,,68.2009,,,,SIM,OUTRO,,0,5,,,,,,,,,5,122,1,12,,
,Liberado,29026261,48.920-000,ITAMOTINGA,ITAMOTINGA,FAZENDA PERIQUITO,,,,nao possui,(74) 99934-6352,,EMPJR,NÃO,NENHUMA,ATIVO,NÃO,NÃO,,,,,,,,,0,0,,,,,,,,,0,123,1,12,,
,Liberado,29026741,48.910-000,JUNCO,JUNCO,POVOADO DE ALFAVACA SALITRE,,JUNCO,(74) 3613-5288,nao possui,,,EMJDF,NÃO,NENHUMA,ATIVO,SIM,NÃO,SALA DE AULA,68.2009,,,,SIM,,SIM,0,5,,,,,,,,,5,124,1,12,,
,Liberado,29025222,29.025-222,JUNCO,JUNCO,MARRUA,,SALITRE,(74) 3617-5141,não possui,(74) 98811-1398,(74) 99925-7220,EMJNA,NÃO,NENHUMA,ATIVO,SIM,NÃO,,68.2009,,,,NÃO,NENHUMA,,0,5,,,,,,,,,5,125,1,12,,
,Liberado,29025168,48.902-190,SEDE,MARINGA,RUA CARLOS DRUMOND DE ANDRADE,,,(74) 3611-0041,joca.diretoria@gmail.com,,,EMJSO,SIM,VELOX,ATIVO,SIM,SIM,SALA PRÓPRIA,83.2008,,,,SIM,VELOX,SIM,0,17,,,ATIVO,SIM,,,,,17,126,1,12,,
,Liberado,29026636,48.901-000,JUNCO,LAGOA,LAGOA SALITRE,,,(74) 3617-1093,professoruelsonandrade@hotmail.com,(74) 98816-2837,(74) 98845-1648,EMJA,NÃO,NENHUMA,ATIVO,NÃO,NÃO,,,,,,,,,0,0,,,,,,,,,0,127,1,12,,
,Liberado,29025370,48.900-440,SEDE,ALTO DO CRUZEIRO,RUA DOIS,,,(74) 3612-0372,escolajosepadilha@hotmail.com,(74) 98806-9499,,EMJPS,SIM,VELOX,ATIVO,SIM,SIM,SALA PRÓPRIA,83.2008,,,,SIM,VELOX,SIM,0,19,,,ATIVO,SIM,SIM,,SIM,,19,128,1,12,,
,Liberado,29025176,48.904-380,SEDE,CENTRO,RUA SANTA MARIA GORETTI,,,(74) 3611-4939,escolajuditelcosta@hotmail.com,,,EMJLC,SIM,VELOX,ATIVO,NÃO,NÃO,,,,,,,,,0,0,,,,,,,,,0,129,1,12,,
,Liberado,29025923,48.920-000,ITAMOTINGA,ITAMOTINGA,FAZENDA RODEADOR,,,(74) 3617-2000,nao possui,,,EMLMJ,NÃO,NENHUMA,ATIVO,SIM,NÃO,,68.2009,,,,NÃO,NENHUMA,,0,5,,,ATIVO,,,,,,5,130,1,12,,
,Liberado,29002664,48.910-000,JUNCO,JUNCO,HORTO FLORESTAL - SALITRE,,,,nao possui,,,EMLCS,NÃO,NENHUMA,ATIVO,SIM,NÃO,,69.2008,,,,NÃO,NENHUMA,,0,5,,,,,,,,,5,131,1,12,,
,Liberado,29025184,48.905-510,SEDE,LOMANTO JUNIOR,RUA SANTA TEREZINHA,,,(74) 3612-1731,nao possui,,,EMLSC,SIM,VELOX,ATIVO,SIM,NÃO,,83.2008,,,,SIM,VELOX,,0,15,,,,,,,,,15,132,1,12,,
,Liberado,29025206,48.900-990,SEDE,JARDIM PRIMAVERA,CONJUNTO HABITACIONAL MANDACARU I,,,(74) 3618-3089,nao possui,,,EMM,SIM,VELOX,ATIVO,SIM,SIM,SALA PRÓPRIA,SEM PREGÃO,,,,SIM,VELOX,,0,13,,,,,,,,,13,133,1,12,,
,Liberado,29025672,48.912-000,ABÓBORA,ABOBORA,AVENIDA ALFREDO VIANA,37,,(74) 3617-9072,emmsbonfim@hotmail.com,(74) 99991-2855,,EMMSB,NÃO,NENHUMA,ATIVO,SIM,NÃO,SALA PRÓPRIA,38.2006,68.2009,,,SIM,RÁDIO,,0,18,,,ATIVO,SIM,SIM,,SIM,16 PORTAS,18,134,1,12,,
,Liberado,29026440,48.920-000,SEDE,PORTO DE PEDRA,POVOADO DE PORTO DE PEDRA,,,(74) 3611-0549,nao possui,,,EMMGM,SIM,OUTRO,ATIVO,SIM,SIM,SALA PRÓPRIA,,,,,,,,0,0,,,,,,,,,0,135,1,12,,
,Liberado,29026296,48.900-010,ITAMOTINGA,MANICOBA,CAMPOS,,,(74) 3613-9057,jaquellineassessoria27@gmail.com,,,EMMLS,NÃO,NENHUMA,ATIVO,SIM,NÃO,,68.2009,,,,,,,0,5,,,,,,,,,5,136,1,12,,
,Liberado,29341710,48.910-000,JUNCO,SALITRE,RUA PRINCIPAL,,,(74) 3611-5110,nao possui,,,EMNA,SIM,OUTRO,ATIVO,SIM,SIM,SALA PRÓPRIA,68.2009,,,,,,,0,10,,,ATIVO,SIM,,,,,10,137,1,12,,
,Liberado,29026776,48.910-000,JUNCO,JUNCO,POVOADO DO SABIA II,,,(74) 9910-4427,nao possui,,,EMPMASO,NÃO,NENHUMA,ATIVO,NÃO,NÃO,,,,,,,,,0,0,,,,,,,,,0,138,1,12,,
,Liberado,29026652,48.910-000,JUNCO,JUNCO,SOBRADINHO,,,(74) 4400-7626,nao possui,,,EMMCSN,NÃO,NENHUMA,ATIVO,SIM,NÃO,,,,,,,,,0,5,,,,,,,,,5,139,1,12,,
,Liberado,29026660,48.910-000,JUNCO,RODEADOURO,RUA SAO JOSE,,DISTRITO DE JUNCO,(74) 3618-4001,nao possui,,,EMMMB,NÃO,NENHUMA,ATIVO,SIM,NÃO,,68.2009,,,,,,,0,5,,,,,,,,,5,140,1,12,,
,Liberado,29025230,48.920-000,ITAMOTINGA,ITAMOTINGA,POVOADO DE GUANHAES,,CASA,(74) 3618-3004,escolamarianorodrigues@yahoo.com.br,,,EMMRS,NÃO,NENHUMA,ATIVO,SIM,NÃO,,,,,,,,,0,5,,,,,,,,,5,141,1,12,,
,Liberado,29026679,48.910-000,JUNCO,JUNCO,POVOADO DE CURRAL NOVO,,,,nao possui,(74) 99986-7445,,EMMAS,SIM,OUTRO,ATIVO,SIM,NÃO,,,,,,,,,0,8,,,,,,,,,8,142,1,12,,
,Liberado,29026105,48.920-000,ITAMOTINGA,ITAMOTINGA,BOQUEIRAO - MANICOBA,,,(74) 3617-8287,nossasenhorasaofrancisco@gmail.com,,,EMNSG-B,NÃO,NENHUMA,ATIVO,NÃO,NÃO,,,,,,,,,0,0,,,,,,,,,0,143,1,12,,
,Liberado,29025788,48.922-000,CARNAÍBA,CARNAIBA,POVOADO DE CARNEIROS,,,(74) 3618-1244,escola_nsgrotas@hotmail.com,,,EMNSG-CARNAÍBA,NÃO,NENHUMA,ATIVO,SIM,NÃO,,,,,,,,,0,5,,,,,,,,,5,144,1,12,,
,Liberado,29025311,48.904-160,SEDE,CENTRO,RUA DO SOCORRO,,ALAGADICO,(74) 3611-0044,ensgseduc@gmail.com,,,EMNSG-SEDE,SIM,VELOX,ATIVO,SIM,SIM,SALA PRÓPRIA,38.2006,,,,SIM,VELOX,SIM,10,10,,,ATIVO,SIM,NÃO,,NÃO,16 PORTAS,10,145,1,12,,
,Liberado,29025958,48.920-000,ITAMOTINGA,PROJETO MANICOBA,FAZENDA LAGOA GRANDE,,,,escolarainha@gmail.com,(74) 99195-7370,,EMNSRA,NÃO,NENHUMA,ATIVO,SIM,NÃO,,,,,,,,,0,1,,,,,,,,,1,146,1,12,,
,Liberado,29025869,48.922-000,CARNAÍBA,CARNAIBA,RUA VERMELHA,  ,,(74) 3618-1270,escola_osorioteles@hotmail.com,,,EMOTM,NÃO,NENHUMA,ATIVO,SIM,NÃO,,,,,,,,,0,5,,,,,,,,,5,147,1,12,,
,Liberado,29026792,48.910-000,JUNCO,JUNCO,POVOADO PASSAGEM DO SARGENTO,,,,nao possui,,,EMPS,NÃO,NENHUMA,ATIVO,NÃO,NÃO,,,,,,,,,0,0,,,,,,,,,0,148,1,12,,
,Liberado,29469252,48.900-020,SEDE,PIRANGA,RUA DO RISO,,,,josefacristinat@gmail.com,(74) 98813-6212,,EMEIPMMS,NÃO,NENHUMA,ATIVO,NÃO,NÃO,,,,,,,,,0,0,,,,,,,,,0,149,1,12,,
,Liberado,0,48.910-000,JUNCO,JUNCO,"ASSENTAMENTO SAO FRANCISCO,",,,(74) 3538-1876,nao possui,(74) 98816-4850,,EMPF-AV,NÃO,NENHUMA,ATIVO,NÃO,NÃO,,,,,,,,,0,0,,,,,,,,,0,150,1,12,,
,Liberado,29461359,48.910-000,JUNCO,JUNCO,ASSENTAMENTO SAO FRANCISCO,,,(74) 3538-1876,nao possui,(74) 98816-4850,,EMPF-P,NÃO,NENHUMA,ATIVO,NÃO,NÃO,,,,,,,,,0,0,,,,,,,,,0,151,1,12,,
,Liberado,29362504,48.908-090,SEDE,JOAO PAULO II,QUADRA NOVE,,,(74) 3612-0485,wilzamiranda@hotmail.com,,,EMPMJLR - EXT,NÃO,NENHUMA,ATIVO,NÃO,NÃO,,,,,,,,,0,0,,,,,,,,,0,152,1,12,,
,Liberado,29026113,48.900-010,ITAMOTINGA,ITAMOTINGA,PROJETO CAJ,,,(74) 3617-3089,escolamunicipaleliseusantos@hotmail.com,(74) 98807-1291,,ZP-EXT ELISEU,NÃO,NENHUMA,ATIVO,NÃO,NÃO,,,,,,,,,0,0,,,,,,,,,0,158,1,12,,
